书名,作者,介绍,更新时间
捞尸人,纯洁滴小龙, 人知鬼恐怖，鬼晓人心毒。这是一本传统灵异小说。 ,2025-03-09 23:23
没钱修什么仙？,熊狼狗, 老者：“你想报仇？”少年：“我被强者反复侮辱，被师尊视为垃圾，我怎么可能不想报仇？”老者摸了摸少年的脑袋，叹道：“好孩子，我来传功给你吧。”少年惊道：“前辈！这怎么行？”老者伸出手：“把你手机给我。”少年看着手机上的变化，震惊道：“前辈！这哪里来的百年功力？”老者微微一笑：“好孩子，这是你在天庭的备用功力，以后急用的时候随用随取，别再被人侮辱了。”少年皱眉：“这不是法力贷吗？我怕……”老者：“天庭是大平台，新用户借百年功力有30天免息，日息最低半天功力，还没你吐纳一周天多。”……张羽冷哼一声，关掉了上面的广告。 ,2025-03-09 12:01
夜无疆,辰东, 那一天太阳落下再也没有升起………………… ,2025-03-10 02:15
剑啸灵霄,流浪的蛤蟆, 年少轻狂，袖里白蛇，铮铮化剑，直上灵霄。2025，武侠走起！ ,2025-03-10 07:30
玄鉴仙族,季越人, 陆江仙熬夜猝死，残魂却附在了一面满是裂痕的青灰色铜镜上，飘落到了浩瀚无垠的修仙世界。凶险难测的大黎山，眉尺河旁小小的村落，一个小家族拾到了这枚镜子，于是传仙道授仙法，开启波澜壮阔的新时代。(家族修仙，不圣母，种田，无系统，群像文) ,2025-03-09 20:00
异度旅社,远瞳, 在日常之下，在理性尽头，在你所熟悉的世界之外——是你从未想象过的风景。当于生第一次打开那扇门的时候，他所熟悉的世界便轰然倒塌。而那直抵世界根源的“真相”，扑面而来。 ,2025-03-10 07:30
刚准备高考，离婚逆袭系统来了,七月封阳, 蟹妖，人在高三，离婚逆袭系统早到二十年。【三十八岁，你婚姻失败，站在而立/不惑之年的十字路口，想起了少年时的青梅。结婚后，你们断绝了来往，再无她的消息。与徐浅浅重新建立联系，奖励：300RMB。】十八岁的江年看了一眼面板上的系统任务，又看了一眼住在对门的徐浅浅。不由陷入沉思，嗯.......这系统似乎来早了。还有一件事。未来的前妻是谁？呃......江年有些绷不住了，年年十八岁，未来会离婚。系统颁布报复前妻的任务，江年望了望眼前还未“黑化”的前妻，再次陷入了沉思。青梅、未来的前妻、未来前女友，全是年轻版本，一个个出现的时候。系统有点变质了。有九千八百均完结老书《恋综：从万人嫌开始爆红》 ,2025-03-09 23:58
诡秘之主,爱潜水的乌贼, 蒸汽与机械的浪潮中，谁能触及非凡？历史和黑暗的迷雾里，又是谁在耳语？我从诡秘中醒来，睁眼看见这个世界：枪械，大炮，巨舰，飞空艇，差分机；魔药，占卜，诅咒，倒吊人，封印物……光明依旧照耀，神秘从未远离，这是一段“愚者”的传说。 ,2022-11-25 16:27
多我一个后富怎么了,渔雪, 初学医，未能从业，后贩电视，遇下周回国，遂共享经济，押金不退，再投身地产，有所成就，终挑一良盘，却没能封顶……2008年，俞兴从梦中醒来，发现自己回到了理财亏空的金融危机前夕。这一年，巨头成型，资本觉醒，他只能一边艰难创业，一边又迫于无奈的劫富济贫。没钱了？做空去吧…没钱了？做空去吧！有钱了？做，哦，来都来了，做空去吧。许久之后，俞兴的公司马甲被媒体曝光，他亲口承认，一切便都炸裂了！最良心的总裁与最狠毒的金融黑手怎么能是一个人？！而这只是媒体挖出来的冰山一角。他割韭菜，他搅乱秩序，他建交易所，他让人谈之色变，也让人趋之若鹜。俞兴所到之处，拥趸无数，仇视无数。 ,2025-03-09 21:20
1979黄金时代,睡觉会变白, 这还是一个有点怀旧的故事，嗯……………… ,2025-03-09 21:53
大道之上,宅猪, 我的爷爷很古怪，他每天给自己上香，站在自己的灵位前吃蜡烛。村里的人都很怕爷爷。我也很怕爷爷。后来我才发现，他们害怕的不是爷爷，而是我。爷爷也很怕我。……我叫陈实。诚实的陈，老实的实。来阅文旗下网站阅读我的更多作品吧！ ,2025-03-09 23:08
谁让他修仙的！,最白的乌鸦, “我反复强调，修仙界的风气本来就是歪的，不是我带歪的，都说史书是胜利者书写的，那为什么我获胜了还总是有人诬陷我？”陆阳剑仙面对记者采访如此说道，表示非常愤怒。第二天。“我反复强调，修仙界的风气是我带歪的，史书是胜利者书写的，我获胜了！”陆阳剑仙面对记者的采访时如此说道，表示非常愤怒。——《修仙日报》为您报道。 ,2025-03-04 23:30
华娱从男模开始,河马不会叫, 梦回2015，从男模开始混迹娱乐圈。不要跟我说什么背景有多强，人脉有多厉害，潜规则有多黑。重活一世的白良表示自己两辈子都没受过什么委屈，吃过最大的苦是冰美式，扛过最重的东西是华伦天奴。混圈，两个字。运气嘛！他倒要看看这娱乐圈到底是怎么个事儿。这个圈子里有人靠才华，有人靠背景，有人靠实力......白良直接让他们见识见识，靠运气的含金量。如果你不喜欢现在的好运·卡皮巴拉形态，接下来登场的就是强运·我不吃牛肉！ ,2025-03-10 07:51
万历明君,鹤招, 公元1572年，距离明朝灭亡、山河沦丧还有72年。此时东南倭寇横行，西北鞑靼叩关，地方兼并日重，军政疲惫百姓困苦，隆庆皇帝刚刚驾崩。石越却在此时，穿越到了历史上三十年不上朝的万历皇帝朱翊钧身上。好消息是，此时的朱翊钧，还没有登基。没来得及祸害朝政。坏消息是，此时的朱翊钧，还没有登基。司礼监掌印冯保想做皇权代言人。首辅高拱想架空皇帝增强内阁。次辅张居正一心主政推行新法。唯一的指望，自己的生母李氏，还是动辄罚跪，逼他写罪己诏。……将倾的大厦就在眼前，各方交错的中枢刀光剑影。受国不祥，是为天下王。既登帝位，这天下，朕不来救谁来救？ ,2025-03-10 00:26
道诡异仙,狐尾的笔, 诡异的天道，异常的仙佛，是真？是假？陷入迷惘的李火旺无法分辨。可让他无法分辨的不仅仅只是这些。还有他自己，他病了，病的很重。 ,2025-03-09 10:09
轮回乐园,那一只蚊子, 苏晓签订轮回契约，进入各个世界执行任务。他曾目睹一个世界崩灭为尘粒，也曾与被遗忘的王者持刃而战。暗鸦在低语，黑渊下巨兽咆哮。欢迎来到，轮回乐园…… ,2025-03-07 22:19
志怪书,金色茉莉花, 松风吹断茶烟，白云堆里，神仙安眠。不觉梦起当年，村口树下，老人讲古，那些惊呆幼童的神仙鬼话、狐精山怪，不真也不幻，诡谲也浪漫，仍是觉得妙不可言。……一枕游仙梦，几人得长生？林觉在一个志怪仙神世界里求长生的故事。 ,2025-03-10 08:05
宿命之环,爱潜水的乌贼, 诡秘世界第二部。1368之年，七月之末，深红将从天而降。 ,2025-01-13 12:30
这是我们的战锤之旅,褪色无忧, (已有起点完结精品，放心阅读)这是一个黑暗绝望的时代。在黑暗的第四十一个千年，帝皇早已远离人世，神之子嗣不再行走人间。人类的未来只剩下了无边无际的黑暗与战火，人类的命运似乎注定要在那臃肿僵化的帝国上慢慢腐烂。直到那来自另一个世界的灵魂们到来。“伙计们，有一个好消息一个坏消息，你们要先听哪一个？”“好消息吧。”“好消息是我们穿越了，这是一个浩瀚的星际时代，而我们是有着两心三肺，地位崇高的星际超人，貌似还配套赠送了一个很wagggh的外挂。”“太棒了，这不就是异世界爽文主角的待遇吗？我已经迫不及待的要享受异世界生活了，如果可以的话能把爸妈接过来吗？对了，那坏消息呢。”“坏消息是，这个世界在我们那叫战锤40k。”“......啊？”他们冷静思索，去探索这陌生的世界。他们随遇而安，毕竟现实不再为他们留有余地。他们哭得像个被踩了脚趾的屁精，却依旧拿出勇气勇敢前进。在黑暗的第四十一个千年，人类再度迎来了一次复兴的机会。而这一次，人类能把握住吗？——让战争开始吧！从泰拉的天空，覆盖到银河的边际。让星海沸腾。让群星闭目。让我们再次见证银河被解放。被人类解放。 ,2025-03-09 20:01
融合是最高贵的召唤方式！,杯面21, 天城光穿越到了一个似是而非的《游戏王GX》决斗学院之中。这里充斥着认为只有融合召唤才是最高贵召唤方式的极端狂热者，他们试图通过决斗的方法改变其他次元决斗者的思维，迫使他们加入“融合绝对至上”派系。若是不从，就要将人变成卡片，可谓扭曲又疯狂。天城光看了一下自己卡盒里全套的融合魔法、陷阱卡，沉默良久，欣然认可。对，太对了。你说的极对。融合是最高贵的召唤方式！ ,2025-03-09 23:21
书名,作者,介绍,更新时间
系统很抽象，还好我也是,扑街天线, 【任务一：初入修仙界，你已得到筑基法门，请击杀「不死神龙」试试吧】“系统哥，且先不提新手任务是杀条龙这件事，有个小问题，我没穿越。”【任务二：末日降临，觉醒E级异能后，就该大展身手，请单挑「丧尸王」试试吧。】“哥，先不提我还在现代，就按照你的逻辑来，我刚刚不也还在修仙界吗？而且你倒是给我觉醒异能啊，杀丧尸王，我？”【任务三：全女世界，你成为了唯一的珍贵男性，请向至少三个不同的目标，播撒你的汗水试试吧。】“哥，我这辈子没求过谁，我现在跪下了，你带我去这个世界吧，真求你了。”……“等等，你他妈管蚯蚓叫不死神龙？”“等等，生化模式里击杀也能算杀？”“等等，轻哼也可以算是播撒成功？”……【任务四：青楼斩妖。】“嘿嘿。”……“叔，你别笑啊，我真是来斩妖的！”“双手抱头蹲下！谁让你站起来了？”“系统，你害我害的好苦啊！！！”……本书又名：《系统能救我于水火之中，但是你先别管水火是哪里来的》、《如果现代能修仙的话，足道也是道！》、《我压根没穿越，系统硬说我穿越了》 ,2025-03-10 00:00
元始法则,飞天鱼, 星空中的“道城”，修行最初的萌芽之地“祖洲”，浩瀚宇宙水之起源“神仓古泽”，虚暗禁区“战斧座空洞”。还有藏在宏观中的天界，与微观中的地府幽境。地球的微观世界……显微镜下——豆子般大小的佛祖舍利，宛若一颗浅红色星球，高耸的山脉和干枯的古河道密布，荒凉而辽阔，蔚为壮观。研究人员怀着惊叹情绪，细细观察这片微观世界。不久后，有了震撼的发现。一艘形制古老且外观诡奇的青铜船舰，停泊在这颗浅红色星球干枯的海洋中，锈迹斑斑，桅杆帆布清晰可辨，不知已经搁浅在那里多少岁月。调大倍率，只见船上尸骨累累，有身穿铠甲的白骨人类，也有凤尸蟒骸，甲板上还有大片的墓海碑林。它明明只有四百六十纳米长，却如此宏伟神秘。 ,2025-03-10 03:02
北齐怪谈,历史系之狼, 天保十年，英雄天子高洋弹奏起了髀骨琵琶，自弹自唱，伴奏曲响起，怪诞，荒唐，恐怖，绝望且痛苦。这一年，住在漳水边上的刘桃子兜住了些鱼，故事便开始了。 ,2025-03-10 06:00
青山,会说话的肘子, 飞光飞光，劝尔一杯酒。吾不识青山高，黄地厚。唯见月寒日暖，来煎人寿。 ,2025-03-10 00:08
晋末长剑,孤独麦客, 正如唐代诗人徐夤在《两晋》诗中所写的那般：“三世深谋启帝基，可怜孀妇与孤儿。罪归成济皇天恨，戈犯明君万古悲。”西晋得国不正，犯了太多错误，继承了东汉、三国以来的种种弊端。到了晋末，已经积重难返，亟待重新构建帝国的价值观及统治体系。但是“谁知高鼻能知数，竞向中原簸战旗”，历史没有给他们这个机会。自作孽，不可活。穿越者来到逐渐崩溃的西晋末年，他所能做的是——先活下来。 ,2025-03-10 02:29
大奉打更人,卖报小郎君, 《大奉打更人》（第一卷）实体书已在天猫、当当、京东等全平台，以及各个实体书店发售。这个世界，有儒；有道；有佛；有妖；有术士。警校毕业的许七安幽幽醒来，发现自己身处牢狱之中，三日后流放边陲.....他起初的目的只是自保，顺便在这个没有人权的社会里当个富家翁悠闲度日。......多年后，许七安回首前尘，身后是早已逝去的敌人，以及累累白骨。滚滚长江东逝水，浪花淘尽英雄，是非成败转头空。青山依旧在，几度夕阳红。 ,2022-01-05 13:25
我的模拟长生路,愤怒的乌贼, 仙道何其难!更何况这个被一场瘟疫彻底改变的修仙界！凡人身带疫病，仙人一旦接触，轻则修为下降，重则还道于天，于是仙凡永隔；仙法不可同修，整个修仙界成为了一个巨大的黑暗森林；……李凡穿越而来，虽有雄心万丈，却只能于凡尘中打滚，蹉跎一生。好在临终之时终于觉醒异宝，能够化真为假，将真实的人生转为黄粱一梦，重回刚穿越之时！于是，李凡开始了他的漫漫长生路！第二世，李凡历时五十载终权倾天下，但却遍寻世间而不见仙踪。只在人生的末尾得见仙人痕迹。第三世，李凡殚精竭虑、百般谋划，却终抵不过仙人一剑！第四世…………我，李凡，一介凡人，百世不悔，但求长生！ ,2025-03-09 23:59
从斩妖除魔开始长生不死,陆月十九, 消耗寿元灌注武学，可无限进行推演。沈仪凡人之躯，寿数不过百年，所幸可以通过斩杀妖魔获取对方剩余寿元。在邪祟遍地的乱世中亮出长刀，让这群活了千百年的生灵肝胆俱裂！从【鹰爪功】到【八荒裂天手】，从【伏魔拳】到【金身镇狱法相】！沈仪偶尔也会沉思，这寿命怎么越用越多了？他收刀入鞘，抬眸朝天上看去，听闻那云端之上有天穹玉府，其内坐满了千真万圣，任何一位都曾经历无尽岁月。此番踏天而来，只为向诸仙借个百万年，以证我长生不死大道。……此书又名《让你氪命练武，你氪别人的？》、《道友请留步，你的寿元与在下有缘》。 ,2025-03-09 23:03
超维度玩家,诸生浮屠, 【捕获人间体】【正在渗透现实宇宙……】【侵入世界根源法则！……侦测高纬度生命体！……未发现其他维度生命……】【正在载入人间体！】你是穿越一切维度之上的玩家，拥有近乎于上帝私生子般的权柄。你拥有无数的身份，乞丐、贱民、海盗、角斗士、游侠、北地恶龙、地狱行刑者、星际浪子、异怪猎手、魔女的主人、帝国掘墓人、诸神黄昏、灭世者等等。整个现实宇宙都是你的游戏场。你是至高的域外天魔！你是上帝的私生子！你是凌驾于一切现实之上的唯一玩家！现在，你需要用你的第一个人间体，在帝国覆灭的动荡中幸存下来。否则你将继续在维度空间沉睡，直到下一个契合的人间体出现。…………（非无限流，玩家唯一性。）（有老书《深渊主宰》，2014年度游戏之王，老书《超级浮空城》，9500均订，可以消遣时间。）（这是第二本游戏异界，杀伐果断，纯爽文，回馈读者的。） ,2025-03-09 18:16
仙工开物,蛊真人, 火山中，先贤大能遗留的机关仙宫，渴望着后继者。母亲舍命争取，获得仙宫宝印，临终托付宁拙。我佛心魔印！渡己为佛，渡人成魔。掌印者，轻刻心印，驭机关若羽。众人御之，神疲意重；宁拙则以一纵万，轻盈若舞。宁拙：“娘，孩儿一定不负您的嘱托，取得那仙宫！”正是：仙偶通灵秘，工巧合至理。开宇出新境，物华与天齐。古钟传法度，月下舞清辉。真身具万象，人间谁与敌！ ,2025-03-09 23:58
绍宋,榴弹怕水, 绍者，一曰继；二曰导。公元1127年，北宋灭亡。旋即，皇九子赵构在万众期待中于商丘登基，继承宋统，改元建炎。然而，三个月内，李纲罢相，陈东被杀，岳飞被驱逐出军，宗泽被遗弃东京，河北抗金布置被全面裁撤……经过这么多努力之后，满朝文武终于统一了思想，定下了拥护赵官家南下淮甸转扬州的辉煌抗金路线。不过刚一启程，在亳州明道宫参拜了道祖之后，这位赵官家便一头栽入了闻名天下的九龙井中，起来后就不认得自己心腹是谁了！朕要抗金！可朕的心腹都在何处？！这是一个来自于九百年后灵魂的真诚呐喊，他在无可奈何继承了大宋的名号后，更要将这个朝廷与天下导向一条新路。故称绍宋。 ,2022-11-25 15:50
我不是袁术,御炎, 穿越了，但是袁术可以躺平摆烂了，但是袁术变成豪门贵公子了，但是袁术衣来伸手饭来张口了，但是袁术袁·路中悍鬼·冢中枯骨·仲氏皇帝·东汉蜜水先生·术！感觉死兆星正在头顶熠熠生辉的袁树不由得握紧了手中的那杯蜜水，恶狠狠的向天下宣示——我不是袁术！我，是袁树！ ,2025-03-10 08:13
高武纪元,烽仙, 从南洋深海中飞起的黑龙，掀起灭世海啸……火焰魔灵毁灭一座座钢筋水泥城市，于核爆中心安然离去……域外神明试图统治整片星海……这是人类科技高度发达的未来世界。也是掀起生命进化狂潮的高武纪元。即将高考的武道学生李源，心怀能观想星海的奇异神宫，在这个世界艰难前行。多年以后。“我现在的飞行速度是122682米/每秒，力量爆发是……”李源在距蓝星表层约180公里的大气层中极速飞行，冰冷眸子盯着昏暗虚空尽头那条形似神话传说中神龙的庞然大物：“你，应该是所有入侵半神生命体中最强的一个了。”“只可惜，现在的我，可以称之为……武神！”————已完成高订11万作品《渊天尊》，高订3万作品《洪主》，精品《寒天帝》，人品保证，放心入坑。 ,2025-03-09 23:59
来自末日,吃书妖, 我在外边捡到了一个来历不明的女孩，她自称穿越者，来自于末日的时代。大劫将至，届时怪异遍布大地，人类文明毁灭，就连世界都要破碎，一切无可挽回。至于我，我正在思考如何把这个暂时失去力量的美少女，监禁在自己的家里。 ,2025-03-10 07:10
从水猴子开始成神,甲壳蚁, 【已有完结七千均大精品，品质保障，放心阅读。】选择大于努力！武师们为陆地宝树打的头破血流，深水神草却无人问津。穿越成渔民的梁渠获得水泽之鼎，炼化【水猴子】天赋，统御水兽，一路收割，踏上巅峰！【水猴子】→【泽狨】→【水王猿】→【淮涡水君】！从此万里泽涛由我做主！…………洪水滔滔。人们跪拜祈福，献上祭品。“求水神大人保佑......”靠，能不能别向我祭祀少女了，我真不是水神啊！ ,2025-03-09 23:58
赤心巡天,情何以甚, （《赤心巡天》实体书已在全网发售。）上古时代，妖族绝迹。近古时代，龙族消失。神道大昌的时代已经如烟，飞剑绝巅的时代终究沉沦……这个世界发生了什么？那埋葬于时间长河里的历史真相，谁来聆听？山河千里写伏尸，乾坤百年描饿虎。天地至公如无情，我有赤心一颗、以巡天！——————欢迎来到，情何以甚的仙侠世界。 ,2025-03-09 12:00
十四亿国民的王国继承人,刘遇, 夏明宇意外从蓝星穿越到了类似奇幻中世纪，但人人头顶都有着一行身份标签的异世界。平民标签者：为几块黑面包，一栋狭小的房子奋斗终生，整日劳累却惶恐难安。贵族标签者：生来拥有财富，俊美容貌以及撕碎律法的力量，只需尽情享受人生。国王标签者：我不吃牛肉。当惯了牛马的夏明宇，本以为自己穿越了也要继续当牛马时，却发现身旁已经跪满了人，原来他头顶的标签居然是——十四亿国民的王国继承人！夏明宇：“？？？”不是，我哪来的那么大王国？等等，某种意义上来讲，穿越前人人都是接班人...数年后，在开国仪式上，面对着下方无数殷切期盼的国民，第一任也是最后一任国王夏明宇开口道：“我有一个梦想，这片国土上此后不会再有农奴，妓女，奴隶等一切被压迫的人民。”“我有一个梦想，在昔日奴隶之都的遗址上，昔日奴隶的孩子能与昔日贵族的孩子席地而坐，亲如手足、”“我有一个梦想，我的国家里，不会再有人依靠头顶的标签来辨别一个人的高贵，而是依靠品格与道德的优劣。”....“诸位国民，虽前路艰难，更有重重诱惑，但请借予我力量，与我一同实现这些梦想吧！”（注：主角会把制造娼妓的人送上断头台） ,2025-03-09 23:58
都重生了谁考公务员啊,柳岸花又明, 省直公务员陈着意外重生自己高三的那一年。于是，一个木讷腼腆、和女生说话都会脸红、只知道学习的高中生；突然变得通晓人情世故，说话做事总是恰到好处，不仅改变了人生轨迹，也越来越吸引女孩子的关注。女生：陈着你有什么优点？陈着：人老实，话不多。发小：我觉得骗人是不对的，你现在一点都不老实。陈着：没骗！人老，实话不多。（首先声明，绝对不是作者真实经历） ,2025-03-10 02:56
天才俱乐部,城城与蝉, 【十万均订作品，荣获第35届科幻银河奖】“从出生开始，我每天都会做一个同样的梦，梦里不断重复着同样的一天。”“你在梦里都做了什么？”“抢银行、炸大楼、泡妹子、侠盗飞车……反正是梦里，自然做了很多无法无天的事。”“说说你昨晚做了什么吧。”“昨天就比较有意思了。我做梦这么久，还是第一次梦见现实中认识的人。那是一个很漂亮的女孩……”“嗯嗯。”警察蜀黍一边记笔录一边点点头：“你继续说，我在听。” ,2024-12-04 13:11
白手起家，蝙蝠侠干碎我的致富梦,火星咖啡, 一般来说，如果非要穿越到美漫里，那么我希望尽量避免DC那种黑暗色调的世界如果一定要穿越到DC，那么起码不要让我穿越到那几个高危城市，比如民风淳朴的哥谭如果一定要让我穿越到哥谭——求求给个系统吧，孩子还想活下去”白手起家系统已加载，请您努力赚钱，勤劳致富。所谓钱可通神，在身无分文之前，您永远有继续的机会。“长出了口气的马昭迪摩拳擦掌，好歹在这危险重重的世界有了个外挂。一个月后。漆黑的蝙蝠展翼飞翔在夜空中，凶狠地扑咬而下，以餐馆作为伪装据点的成员在几秒之内骨断筋折。马昭迪目瞪口呆地看着自己刚刚入职一个月的餐厅，随着自己明天即将到手的工资一起随风远去。我老板呢？我工作呢？我一个月的工资呢？蝙蝠侠，我上早八！ ,2025-03-09 20:19
书名,作者,介绍,更新时间
牧神记,宅猪, 大墟的祖训说，天黑，别出门。大墟残老村的老弱病残们从江边捡到了一个婴儿，取名秦牧，含辛茹苦将他养大。这一天夜幕降临，黑暗笼罩大墟，秦牧走出了家门……做个春风中荡漾的反派吧！瞎子对他说。秦牧的反派之路，正在崛起！书友群：600290060，624672265，VIP群：663057414（有验证）普通群：424940671 ,2022-11-23 16:29
吞噬星空2起源大陆,我吃西红柿, 这是番茄的第12本小说。也是《吞噬星空》后续的第二部小说。**罗峰带着界兽摩罗撒闯过轮回，来到了起源大陆…… ,2025-03-09 11:56
神秘复苏,佛前献花, “我叫杨间，当你看到这句话的时候我已经死了......”一张诡异的羊皮卷，一只窥视黑暗的眼睛，这是一个活下来的人经历的故事。—————— ,2025-01-05 19:31
哥布林重度依赖,絮理, “兄弟，我们当冒险者是为了什么？”“一只哥布林的赏金是三枚银币。”“不，你误会我了伙计，我的意思是咱们干这一行的终极目标，一天到晚辛辛苦苦，到底有什么意义？”“一只哥布林，三枚银币。”“……”“三银币。”“好吧，这里有一个清理哥布林巢穴的任务，你……”“冲！”======要素：【底边冒险者】、【大杂烩世界观】、【伪DND】 ,2025-03-09 23:46
我的忍术不对劲,我不是驴子, “分身术是把身体分开，变身术把身体变成真实的其他东西，那么替身术……”林克怔了怔，看着眼前全身蓝紫色的高大壮硕人形，喃喃道：“何时来的，白金之星？”一个穿越过后没有系统、没有血脉、甚至还穿晚了一点点的木叶村忍者遗孤，在学会释放忍术后突然发现，自己的忍术好像都有那么亿点点不对劲。 ,2025-03-09 23:58
长生百万年，我被认证为大帝,墨水白的, 秦封身怀长生之命，可与世长存，但这也是枷锁，他永无法证道成帝。他担心自身长生秘密被那些无敌者发现，便隐藏身份在漫长岁月中探寻自己的无敌之路。他活过了一百多万载岁月，见过辉煌，经过黑暗，葬下过一个又一个璀璨时代，成为世间一个不为人知的禁忌生灵。然而这一世。一个神秘的宇宙网络降临世间，那里宛如一个真实浩瀚的大世界。即便当世有活着的大帝，凭其通天之能也无法撼动这个宇宙网络，不能洞悉其中一切秘密。秦封小睡千年，醒来后得知宇宙网络的事。他深感好奇，也进去看看情况。然而。他一进去，便引动宇宙网络世界万般异象，宛如古皇临世，大帝出行！他的名字立刻出现宇宙网络在线榜中，并直接登顶第一，身份认证竟然是……大帝！世人无不震惊！当世已有大帝，一世无二尊，岂能再出现一尊大帝？秦封的出现，引发很多事，牵出一些古老大秘，仿佛进行了一次上古小清算。但当一切平静下来。秦封依旧存在，并再次送走一位当世大帝。在接下来的岁月中和诸多网友一起见证时代沉浮，无人知晓他真身是谁，只知他一直都在！直到神话大劫再临！秦封长生之命的秘密以及宇宙网络的真相被揭开…… ,2025-03-10 00:00
星空职业者,文抄公, 星空历元年，人类进入星际时代，星际移民、宇宙飞船、外星眷族、域外邪神……接踵而至星空历717年，方星望着宇宙背景之下，密密麻麻的异族大军，表示什么异族大军、什么修仙者、什么触手、什么密教、什么邪神，都要被我无上的天赋震慑，以铁拳统统打爆啊口胡……好吧，这其实是一个穿越者，靠着职业者面板，在诸多异界为所欲为的故事…… ,2025-03-10 06:10
穿甲弹不相信碳基怪物,嘟嘟雪球来啦, 一场普普通通的拉练，让陈剑和他的小队进入了一个截然不同的时空。末世之下，怪物横行，残存的人类在恐怖的爪牙下艰难求生。为了对抗怪物，活着的人抛弃了一切。人性并不存在，兽性才是主流。想要战胜它们，就必须先成为它们。陈剑本应该跟这里的人一样，去追求令人疯狂的进化。但，当钨芯穿甲弹第一次击穿夔牛的角质装甲时，他突然发现......活着这件事情，或许有另一种解法？ ,2025-03-09 23:49
Z世代艺术家,起酥面包, 《从撞碎公知开始推平娱乐圈》出生于2005年的Z世代水军头子，重生在1998年。他对于这个时代没有任何滤镜，因此感到强烈窒息。影视剧粗糙的画质，辣眼的特效，破布般的服装，糊弄鬼一样的妆容，能凑合就凑合的拍摄理念……男男女女，导演制片，统统都是垃圾。少年公平的拷打一切，并且带着怒火揭竿而起。是时候给华娱一点来自于更高维度的震撼了！PS：只要我公正的黑每一个人，谁敢骂我是喷子？ ,2025-03-09 16:16
绝境黑夜,滚开, 外面全是怪物诡影，我好害怕。只想待在安全屋里，直到天荒地老.....————————杀不死的诡影，无穷尽的怪物，于宏带着神秘黑印来到这里，利用能强化一切的黑印，慢慢在自己的安全屋里，搭建出独属于自己的绝对安全区域。如大家所投，本书为诡异修仙极道融合风，老滚说到做到。 ,2025-03-09 16:59
龙藏,烟雨江南, 卫渊本无大志，但在时代洪流中不得不走上征战四方、开疆辟土之路，直至关山踏尽，未曾白头。不正经的简介一：仙人也怕工业化！这是一个发生在玄幻世界的工业革命的故事。 ,2025-03-09 22:00
我真没想下围棋啊！,山中土块, 围棋国手俞邵穿越到了平行世界，成为了一个高一学生，重活一世，他只想好好享受这一段放肆张扬的青春，别让青春再次从指缝溜走。但是……为什么我又拿起棋子了啊喂！虽然在这个还没有被AI严加拷打过的围棋界下棋，一不小心就镇压一个时代，确实有那么亿点点爽就是了。…………一众职业棋手：“围棋还能这么下？”俞邵点了点头：“围棋就是这么下的！”（不会下围棋也能看得懂，欢迎点进。） ,2025-03-09 23:39
普罗之主,沙拉古斯, 他叫李伴峰，山峰的峰，不是发疯的疯，医生说过他没有疯。为了救朋友一条命，他去了96号站台，上了1160蒸汽列车，来到了停留在蒸汽时代的普罗州。他遇到了老唱机里的红颜知己，月份牌里的绝世佳丽，老座钟里的摇摆名姝，酒葫芦里的世外高人。这里有越吃越猛的食修，越抽越强的烟修，越杀越狠的武修，越喝越狂的酒修。这里有哪都想去的旅修，还有哪都不想去的宅修。天下百门，谁与争锋。普罗万修，谁是魁首。伴峰穿上西装，戴上礼帽，拿上鸡毛掸子，认真问了一句：告诉我，谁是普罗之主？ ,2025-03-10 07:00
第五木叶村,半度透明, “忍族居然组织村民抗议？这已经不是一般的村民了，必须出重拳！”“革命的夜晚虽然短暂，但这份荣光会持续很久，这份荣光，我宇智波斗光不会独享。”木叶五十七年，宇智波斗光政变上台，成为木叶隐村第五代火影，自此太阳升起，驱散了笼罩木叶长达半个世纪的长夜。本书又名《木叶之春》《忍界唯一的太阳》《木叶：斗光真传》 ,2025-03-09 21:01
大乘期才有逆袭系统,最白的乌鸦, （新书《谁让他修仙的！》已发）江离穿越过来，发现没有金手指，只能老老实实的修炼，五百年后，他成为九州最强者，突然出现一个系统，说能帮宿主从练气期逆袭成为九州第一人。江离看着第一个任务，陷入沉思。“请宿主打败你的堂哥（练气六层）。”“你这系统延迟的挺严重啊。”【本书欢乐向】 ,2024-09-30 12:53
下班，然后变成魔法少女,弧盐, 林昀，36岁，妻子早逝，职业为民企中层，是一名单亲爸爸，近来觉得自己遭遇了中年危机。事业上遭遇不顺，家庭上和14岁的女儿陷入冷战，身体上患肩周炎症，每日苦不堪言。就在这几天，他还发现了一个秘密——女儿在当魔法少女。以豆蔻之身，对抗非凡的怪物，保护城市免受袭击的英雄。这是普通群众对于魔法少女的认知。但是他很清楚，成为魔法少女，是有生命危险的。要阻止她吗？还是尊重女儿的选择，用其他的方式保护她？望着衣柜中已然落灰的心之花，隐退19年的前·魔法少女林昀，陷入了人生的第三次重大抉择。 ,2025-03-09 19:50
从赘婿开始建立长生家族,天弦画柱, 陆长生穿越仙侠世界，成为一个仙门落选的农户少年。好在有着多子多福系统，只要开枝散叶，培养子嗣，便可获得奖励。于是，陆长生开局入赘修仙家族，开始自己忌争忌斗，广结人缘，开枝散叶，发展家族的修仙途。时光轮转，纪元更迭，无数仙道至尊，魔道巨擘，妖族大圣，天骄红颜，从崛起到落幕，泯灭于岁月长河。唯有长生陆家亘古不变，永世长存，矗立于仙道之巅，与天地同寿，日月同辉。 ,2025-03-09 23:30
长青仙尊,阴玖月, 活到七十岁，没有外挂，没有金手指的李锐回首一生，一无所获、一事无成，就在他已经被岁月磨平棱角，已经认命的时候，竟然觉醒了完美人生系统。“来来来，你告诉我，一个七十岁快入土的人要怎么完美人生?!”【你天生武骨，自出生一刻起便注定你将成为天下第一，获得天赋——武骨。】【十岁的你拜入名门，在宗门大比中大放异彩，一战成名，被仙师看重，获得天赋——神功大成。】他望着【得仙子青睐，成神仙眷侣】陷入了沉默。“七十岁正是干事的年纪!”......多年以后。李锐终于以无上先天道胎横空出世，斩万妖、破万邪，掌御仙界十万载，被世人称作——长青仙尊。 ,2025-03-10 00:04
坐看仙倾,错哪儿了, 我是大学生，我迷路了，这里的人都叫我季少爷，还劝我节哀顺变。没等我反应过来，被选入仙门的县令千金便来与我退婚。呵，真是有意思的开局。我开始了解这个奇怪的世界，看到了仙道昌隆，王朝兴盛之下的饿殍千里，民不聊生。这些修仙者吃尽了民脂民膏，还炼空天地灵脉，最后大笑一声飞升而去，与那些卷款外逃的赃官有何区别？我一开始是真没想过要卷入这场纷争，只是偷偷做了些力所能及的。季忧在群山之巅，坐看万里长空之下仙道倾塌时，深感无辜。 ,2025-03-09 20:00
泼刀行,张老西, 国术、民俗、志怪、禁忌、朝堂、江湖、宗师、斗法、过阴、出马、请神、傩戏、密教、长生…江湖路，三教九流，五花八门。玄门中，民俗怪谈，千奇百怪。这是个喧嚣的时代，危险与机遇并存的时代。李衍横刀而行，终将诸邪辟易，百无禁忌！ ,2025-03-10 00:33
书名,作者,介绍,更新时间
古代末世的文弱书生,陈词懒调, 穿越古代末世，成为众人眼中的“文弱”书生。——古代乱世里的逃生、打怪、基建文。————————注：无异能，纯架空古代。因为不涉及任何真实历史朝代和人物，又含末世元素，所以没在历史分类，归到了玄幻。 ,2025-03-10 00:59
钢铁火药和施法者,尹紫电, 魔法难道真的只是愿望机?不，在一个真正存在魔法的宇宙中，魔法一定会像物理规律那样简单而富有美感。这是一个量产型魔法战工具人得知了魔法终极本质的故事。但那又如何呢?就像鸟儿不懂空气动力学也能够飞翔，魔法师使用魔法也不需要了解其本质。得知了魔法的终极本质同样不意味工具人能摇身一变成为大魔法师。但渴望知识是人类的本能，好奇心是人类文明的第一推动力。哪怕是本就该没有道理可言的魔法，人类也希望能理解其中的内在运行规律。对魔法的终极本质的探究，不需要任何理由！书中的故事发生在一个社会环境大约处于我们的宇宙16世纪的平行宇宙，不过由于一点蝴蝶效应，这个星球的大陆和海洋与我们的地理环境不尽相同。在这里，火枪正在崛起，但盔甲尚未谢幕，军事理论日新月异，制度和工艺上的创新层出不穷。而且这个世界比我们的还多了一样东西：魔法。世界正在发生天翻地覆的大变革，谁也不能置身事外。 ,2025-03-10 07:00
混在末日，独自成仙,言归正传, 【科幻末日背景+独自修仙主角，非无脑爽文】这是一个支离破碎的世界，人类文明在刃兽灾变后的星球上苟延残喘，地下堡垒中的文明火焰正时隐时现，太空中的人类精英酝酿着反攻刃兽的终极计划，人类的前路却有些星光黯淡……“所以说。”某位苦修一百二十五年结果渡劫失败一缕残魂来到这个‘古怪’世界的大乘期高手仰天长叹：“这关贫道屁事啊。”————————【PS：找老书点作者名，不一一介绍了，坑品有保证。新读者群有空了再建。双开期间更新求稳，上架后择机加更。】 ,2025-03-09 21:46
天命皆烬,阴天神隐, 当年定鼎造命，金戈铁马，坐断江山，天宗上门，永镇四方，锦绣中好一片靡靡天音。今朝大劫将至。昔日盛世繁华，眼下不过残桓断壁，枯骨没荒草。宗门怀贰心，社稷何人思？权贵竞豪奢，黎民谁人问？血泪如涟声声诉，天意饶把孩儿骨。玄律穷极天地诛，烽火渐起靖乱途。踏天路，伐命途。昏昏浊世，一剑皆烬！========要素：武道乱世，赛博修仙，两界门已有一千五百万字w订完本作品《燃钢之魂》《怪物被杀就会死》《高天之上》 ,2025-03-10 00:02
我的末日列车,中世纪的兔子, 陈莽穿越至一个末日世界中，在这个世界，尸潮随处可见，遍地死气。幸存者们需成为列车长，通过收集矿物等资源一步步升级强化打造自己的列车，从而操控列车避开尸潮存活下去。或成为其他列车长的奴隶，寄人篱下。所有列车的「载具配件」都有等级上限，每次升级效果都会变强。而他天生自带的胎记却让他拥有无上限升级载具配件的能力。当数个如「车刃」「钻头」等被其他列车长瞧不上的白色载具配件，被他升至数百级后。才发觉自己早已无敌于世间。至此——一辆足足有数百个车厢武装到牙齿的巨无霸列车，开始在末日荒野中咆哮前进。…“这个世界只有两种人。”“列车长或奴隶。” ,2025-03-10 00:04
神佛竟是我自己,独孤欢, 穿越志怪世界，观想诸天神佛。《钟馗嚼鬼图》，日啖恶鬼三百万，阎王见我亦低头！《王灵官镇守凌霄图》，三眼能观天下事，一鞭惊醒世间人！《济公降龙图》，百衲衣遮天蔽月，酒葫芦装载乾坤！《真武荡魔图》、《哪吒闹海图》、《二郎真君斩妖图》、《观音大士无量功德图》……蛟龙走水、狐仙拜月、山君邀宴，白骨抛杯……出道仙、走阴人、阴阳先生、道门天师……光阴逆旅，沧海桑田，张九阳蓦然回首，神佛竟是我自己？（本书涉及民俗、志怪、道教、神话，喜欢的朋友千万不要错过哦）PS:已有万订完本作品，作者人品过硬，从不太监。 ,2025-03-09 17:48
魔王大人深不可测,晨星LL, 魅魔记者：“尊敬的魔王大人，我记得魔神大人给您的命令是向我们的敌人散播恐慌，可我怎么听说您在我们敌人的市中心买下了一整条街？”罗炎：“愚蠢！战术换家懂不懂？我把人类的城市买下来，人类不就只能搬到我的地下城去住了？”魅魔记者：“可，可我听说，那些人类听说连魔王大人都去圣城买房，结果非但没有引起恐慌，反而让圣城的房价翻了一番。”罗炎沾沾自喜说道。“这恰恰说明我的计划是正确的！”与此同时地下城，挖矿的骷髅（玩家）们正在嚷嚷。“狗策划滚出来！”“说好的神宠、神装、养成、成就、商城、师妹、师姐……系统呢？”“这游戏真就只能挖矿啊？！” ,2025-03-09 10:00
黎明之剑,远瞳, 高文穿越了，但穿越的时候稍微出了点问题。在某个异界大陆上空飘了十几万年之后，他觉得自己可能需要一具身体才算是成为一个完整的穿越者，但他并没想到自己好不容易成功之后竟然还需要带着这具身体从棺材里爬出来，并且面对两个吓蒙了的曾曾曾曾……曾孙女。以及一个即将迎来纪元终结的世界。 ,2022-07-10 15:02
炮火弧线,康斯坦丁伯爵, 王忠来到了异世界，卷入了这个世界的世界大战。他得到的外挂是个即时战略一样的俯瞰视角，还能看到麾下部队的视野！于是他果断开始微操：“机枪阵地左移五厘米！反坦克炮放在右边的树林里！”就这样三年过去了，王忠看看手里的元帅权杖，再看看皇帝钦差背后的双头鹰旗。“在我的故乡有句老话，‘王侯将相宁有种乎’，钦差大人，你可知道啊？” ,2025-03-01 00:25
乱世书,姬叉, 仗剑江湖载酒行，楚腰纤细掌中轻。少年肩扛长刀，腰间挂酒，大步前行，心中的江湖却隐约难见。乱世书中翻一页，江湖夜雨数十年。蓦然回首，已劈碎了人间。 ,2025-03-03 15:30
神农道君,神威校尉, 【全新设定】【体系完善】一觉醒来，你成为了玄幻游戏中的【司农】官。【王朝鼎盛】版本：你苦修《节气令》，从【风调雨顺】到【呼风唤雨】、从【五谷丰登】到【万物生长】、号令四季，默默发育。你小有成就，随军出征、掌《四农书》，冰封千里大河，为大军开道，《瘴气》杀敌，《雾影》阻万军，立不世战功，位居大司农，窃王朝命数，尽归吾身。【灵气复苏】版本：你养育【山精野怪】：双生并蒂莲使你水火不侵，七星剑竹一剑光寒十九州、寄生种以生灵为养分、虚空种扎根空间吸收天地灵气……你开辟内景地，育仙种，【太乙神莲】分身千万！【生命古树】不死不灭！“一粒真种落丹田，可育灵苗活万年，有朝一日功行满，我命由我不由天！”“心火日照，肾水为源，脾为土蔵、肺金练气、肝气养神。以身为基，育原生种、养万法，成就神农道君！” ,2025-03-10 00:50
凡人修仙传,忘语," 一个普通山村小子，偶然下进入到当地江湖小门派，成了一名记名弟子。他以这样身份，如何在门派中立足,如何以平庸的资质进入到修仙者的行列，从而笑傲三界之中！诸位道友，忘语新书《仙者》，经在起点中文网上传了，欢迎大家继续支持哦！ ",2016-01-05 17:02
慢着，请别叫我昭烈帝,世间一点咸, 什么英雄豪杰，什么江山如画，不过是死了数千万人，也没出好结果的乱世凶年。刘备只想尽快一统河山。 ,2025-03-09 23:57
艾泽拉斯圣光黎明,驿路羁旅, 好消息是重生在了熟悉的世界里，坏消息是这里叫阿古斯。好消息是黑暗泰坦还没来，坏消息是祂老人家已经启程了。好消息是得到了大人物赏识，坏消息是那家伙叫阿克蒙德。好消息是能当个先知神棍，坏消息是容易被维伦打死。好消息是还有时间逆转未来，坏消息是成功率...啧，不甚理想。好消息是...算了吧，剩下的全是坏消息！所以去踏娘的既定历史吧，新的历史将由一个“圣枪”守备官来书写，这活基本没什么难度，反正这里既没有讨厌的青铜龙，也没有那么多执拗又麻烦的NPC，所以，请见证他的荣光万丈，又或者提前烧根香，预测一下他的死相有多惨。亲爱的观众们，舞台已搭好，灯光已齐备，大幕已拉开，接下来将上演的剧目叫《圣光的奇迹》（划掉）...咳咳，我们应该叫它《圣光の新奇迹》！ ,2025-03-10 08:01
这游戏也太真实了,晨星LL, 这游戏也太真实了叭！搬砖、跑腿、捡垃圾、送快递……公司最多能让你体会到996的艰辛，在这里你能体会到超级加倍的007。好了，不废话了，伟大的管理者大人喊我去搬砖了。那位大人说了，只要我们努力献上自己的肝，下个月他又能换一套全新的动力甲，到时候带我们开全新的地图，去广阔的废土捡更多的垃圾！……穿越到废土世界的楚光发现，自己解锁了避难所系统，能够从平行世界召唤名为“玩家”的生物。从那天开始，整个废土都不正经了。 ,2024-08-10 11:30
末法时代的尸解仙,钛舰, 帝王将相，盖世伟业；贤士迁客，千古文章；香车美人，英雄气概……吾只问一句：可得长生否？这是一个穿越末法古代求长生的故事。光阴飞逝，岁月荏苒；尸解羽化，驻世长生。 ,2025-03-10 00:48
明尊,辰一十一, 大哉乾元，万物资始，乃以统天。无上明尊，时乘六龙，所其无逸。———————————————————这是一个土著主角的穿越者老爷爷苏醒，金手指成精了的故事。…………………………我钱晨一路走来，从来只靠自己！太上爸爸救我！ ,2025-03-09 22:20
重回1982小渔村,米饭的米, 【这是一个海边人上山下海的日常小说！没有装逼打脸，只有上山下海的悠闲！年代文，日常，赶海，种田，养娃，家长里短，不喜勿入，勿喷！】叶耀东只是睡不着觉，想着去甲板上吹吹风，尿个尿，没想到掉海里回到了1982年。还是那个熟悉的小渔村，只是他已经不是年轻时候的他了。混账了半辈子，这回他想好好来过的，只是怎么一个个都不相信呢……上辈子没出息，这辈子他也没什么大理想大志向，只想挽回遗憾，跟老婆好好过日子，一家子平安喜乐就好。 ,2025-03-09 23:59
神话版三国,坟土荒草, 陈曦看着将一块数百斤巨石撇出去的士卒，无语望苍天，这真的是东汉末年？吕布单枪匹马凿穿万人部队，这怎么看都不科学。赵子龙真心龙魂附体了，一剑断山，这真的是人？典韦单人护着曹操杀出敌营，顺手宰了对面数千步骑，这战斗力爆表了吧！这是不是哪里有些不对啊，陈曦顺手摸了一把鹅毛扇挥了一下，狂风大作，叹了一口气，“这是神话吧，我自己都不正常了。”ps：其实这是一篇正经的种田文……QQ群：476971307（老群炸了，这是新的）全订验证群：949176942酱油群：397441818（快满了）二群：418928396（快满了）三群：188981452（这个之前也炸了，换新的了）五群：850567843（之前的炸了，换新的了） ,2025-03-10 08:00
永噩长夜,zhttty, 未知污染侵袭世界，仙神妖佛尽数沉沦。生化狂潮，蔚蓝再临，奇点登台，人革逆袭……来自未来的进化与源自过去的国术相逢，气血磅礴的人仙武道与诡异扭曲的污染相战。我自长夜之前沉睡，我于永噩之地苏醒，带着未来的无限可能与位面救赎的希望，撼树的蚍蜉也是血溅五步的匹夫，他的故事才刚刚开始。以下为不正经简介：我是小西王啊啊啊啊杀杀杀杀杀杀杀…………………… ,2025-03-09 21:00
书名,作者,介绍,更新时间
奥特曼任意键：启明,说的道理, 【智斗】【不虐主】【高端局】【不毁原剧人设】————————这个世界，防卫队由各种重量级成员构成:总监城府深密，喜欢微操——土桥祐参谋急于求成，胆大妄为——何志，权藤队长身残志坚，心直口快——诸星团副队嫉恶如仇，固执己见——西条凪科研人员技术精湛，独具匠心——阿加慕斯外界，熊本市的正木敬吾准备引领人类进化，绫香市的爱染诚进行着英雄游戏。藤宫博也决心消除人类，猎手骑士剑为了消灭博伽茹不惜牺牲地球……与此同时，海底的加坦杰厄苏醒在即，宇宙中的斯菲亚黑洞快速逼近。生命之树引来了才气博士与天照女王，亚波人奉安培拉星人之命前来打头阵……而你，则拥有一个能变身为所有奥特曼与怪兽的【手表】。与天斗，与人斗，其乐无穷。 ,2025-03-09 12:01
天命之上,风月, 世界自毁灭之后重建。于危崖之上，再起万丈高楼。被称为天选者的人们活跃在现实的幕后，行走在历史的阴影中，掌握超凡脱俗的力量，领受着崇拜与敬畏。有人说他们身负天命，万中无一。可季觉对天命不感兴趣。他只想有朝一日，去看一看天命之上的风景。“……”记录者写到这里停下了笔，看向那个满手油污的汽修工：“所以，这就是你破坏国际秩序、贩卖禁忌武器、资助颠覆组织、引发两极大战、图谋暗中统治世界的理由？”“关我屁事儿！”季觉翻了个白眼：“我就是一个破修车的！” ,2025-03-09 19:58
深海余烬,远瞳, 在那一天，浓雾封锁了一切。在那一天，他成为了一艘幽灵船的船长。在那一天，他跨过浓雾，直面了一个被彻底颠覆而又支离破碎的世界——昔日的秩序已经荡然无存，奇诡的异象主宰着文明社会之外的无尽海域，孤岛城邦与挑战大海的船队已然成为文明世界仅存的灯火，而旧日的阴影却仍在幽邃深海中蠢蠢欲动，等待继续吞噬这个将亡未亡的世界。但对于失乡号的新船长而言，只有一个问题是他首先要考虑的——谁知道船咋开啊？！ ,2024-09-20 09:03
我杀到了影视世界,二月江边, 千秋不朽业，尽在杀人中。宋仁进入了电影的世界。故事的一切从最初的一场功夫梦开始——内练一口气，外练筋骨皮。我叫宋仁，杀身成仁说的正是在下。没错，我是一个好人，反正我是这么觉得的。 ,2025-03-09 23:30
光阴之外,耳根, 天地是万物众生的客舍，光阴是古往今来的过客。死生的差异，就好像梦与醒的不同，纷纭变换，不可究诘。那么超越了生死，超脱了天地，在光阴之外，等待我们的是什么？这是耳根继《仙逆》《求魔》《我欲封天》《一念永恒》《三寸人间》后，创作的第六部长篇小说《光阴之外》 ,2025-03-09 21:29
我和她们穿越到北宋,任鸟飞, 顶级历史领域创作者张纯、顶级军事点评家李琳、顶级财经主播叶诗韵、科技圈废材女王麻晓娇、嫁接育苗农业女神袁倾城穿越到了宋哲宗末期，为阻止靖康之耻发生，她们决定从源头解决问题，也就是换掉快要登基的宋徽宗，而我就是她们选中的新皇帝。可她们不知道，我也是穿越者。本书原名《我和五个大美妞穿越到北宋》，又名：《高端的猎人往往以猎物的方式出现》、《我在五个跟我一块穿越的大美妞面前装土著》。 ,2025-03-10 00:41
北宋穿越指南,王梓钧, 如果穿越回宋代，是该吟诗作赋、风花雪月？还是厉兵秣马、争霸天下？不论如何，先填饱肚子再说。 ,2025-01-25 22:51
仙不是这么修的,凤嘲凰, 姓向的满天下抓魔头的时候，我没站出来，因为我不修魔功；姓向的满天下抓妖怪的时候，我没站出来，因为我不是妖怪；姓向的满天下抓剑修的时候，没人站出来为我们说话，因为他们不是剑修；姓向的满……他不抓人了，天下太平了。——《XX狱中随笔》 ,2025-03-09 09:00
LOL：重生S3，调教全联盟,青石离, 一不小心重回S3，打职业捞个英雄皮肤，创个俱乐部搞搞电竞豪门。没有系统没关系，电竞的野蛮时代，处处是机会。不信？看我卖他十万个肉松饼先！ ,2025-03-10 00:02
怪物来了,一刀斩斩斩, 万众期待下，研发十年的虚拟现实游戏《黑暗之地》上线，但高昂的售价让无数等待已久的玩家心生退却。同一时间，一款不知名的游戏借着《黑暗之地》的名头开始疯狂拉新。祁胜：我这里有《黑暗之地》的破解版下载链接，免费，保真！ ,2025-03-09 23:59
人在战锤，求你别赞美哆啦万机神,犹格在码字, 多年以后，面对火星上立起的哆啦A梦巨像，全宇宙最尊重安格隆的人、帝皇的虔诚信徒（大概）、哆啦考尔异父异母的亲兄弟、巢都下层区最富盛名的垃圾佬、阿巴顿一生挥之不去的阴影、亚空间通往现实宇宙的出口之一、恶魔垃圾桶、“我要见真正的巴尔之主！”、瓦半仙神选（也许）、大天使酱修复员、周.这是俺拾嘞.云，准会想起在冥府星系，圣吉列斯给自己托梦的那个遥远的下午。“所以，帝皇爷，这踏马真不能怪我啊！” ,2025-03-09 21:21
不许没收我的人籍,可怜的夕夕, “她本来就是恶魔，怎么可能是遇到我这个人类之后才被带坏的？那些批评家总在说一些很荒唐的东西。”1798年，枢机主教兰奇在接受记者采访时，被问起与那位流亡的魔族末裔公主的过往，以及近期魔族复苏的迹象，他表示：“我为捍卫世界和平做出了太多努力，我很确信，魔族在她的带领下绝无复国可能。”……1802年冬天，魔族复国成功。【请根据以上材料，指出导致魔族复国的主要战犯是谁，并说明为什么是兰奇。（10分）】——选自《帝国历史统考经典考题集》 ,2024-11-11 18:36
我师兄实在太稳健了,言归正传, 重生在封神大战之前的上古时代，李长寿成了一个小小的炼气士，没有什么气运加身，也不是什么注定的大劫之子，他只有一个想要长生不老的修仙梦。为了能在残酷的洪荒安身立命，他努力不沾因果，杀人必扬其灰，凡事谋而后动，从不轻易步入危险之中。藏底牌，修遁术，炼丹毒，掌神通，不动稳如老狗，一动石破天惊，动后悄声走人。本来李长寿规划中，自己会一直躲在山中平安无事的修行成仙，直到有一年，他的老师父静极思动，又给他……收了个师妹回来……【PS：暂时不开新群，五群（1098711961）壹群（474095492）贰群（836797636）叁群（398929196）肆群（1071059242）贯彻到底，轻松修仙！】 ,2022-11-25 16:18
我！清理员！,鱼狱圄, “拿好，这是你这周的薪水。”抬手递了个小袋子过来后，桌后面翘着二郎腿的女人随手在小本子上勾了一下，随即头也不抬地挥手撵人道：“记得自己去报一下税……下一个！”“等等！”把小袋子里的钱币倒出来后，看着掌心八枚大的一枚小的，总共九枚脏兮兮的硬币，李昂不由得震惊地瞪大了双眼，恨不能当场扑过去和她决一死战。“该死的！我这周二才刚击退了妄图侵蚀世界的邪神！你个混蛋居然连救世主的工资也要扣？” ,2025-03-09 23:21
制皮百年，我成了魔门巨头,是桃花酥呀, 重生正邪相争的仙魔世界，宋延被劫入魔门傀儡宗，因天赋问题，被分配成了制皮杂役。傀儡之道，博大精深，皮影傀儡，纸人傀儡，血尸傀儡。宋延需得按照正式弟子要求，制作出合适的皮影人、皮影兽甚至是皮影建筑。在制皮时，系统意外觉醒，只要他制皮就能提升寿元，悟性。时光荏苒，再回首，宋延已成魔宗巨头，见万年时光，睹天下更替。 ,2025-03-09 17:00
天倾之后,佛前献花, 我们的世界被污染了。超凡生物的出现，鬼怪的传说，修行与进化，奇物与术的碰撞，跨界的大门被打开，有人争渡，有人逃离......这一切的开端都在天倾之后。 ,2025-03-10 00:10
重生：开局逮到高冷校花超市偷窃,陆远秋, 重生校园时代，陆远秋照看自家开的超市，却在监控下发现一位容貌清丽的少女正在偷拿货架上的商品。拍摄证据后，陆远秋将其带到仓库内。“拿了多少？”少女背靠墙壁，沉默寡言：“没有了，就这些。”陆远秋认识她。少女名叫白清夏，跟他一个学校。高冷，生人勿近，冷面校花，通通是她的代名词。只是别人眼中那不可亵渎的白月光，今天竟以这种方式被自己逼到了墙角里。陆远秋默默告诉自己，今天无论如何也不能放她走。前一世，白清夏在超市里做了同样的事情，但陆远秋顾及对方面子，选择了视而不见。结果白清夏出门后就遭遇了一场车祸。这件事成了陆远秋心中的钉子，倘若那天，他狠心拦下白清夏，后面的惨剧就不会发生。所以这次，他要拖延时间，要对校花进行严厉的批评教育！看着角落里屈辱到眼眶发红的校花，陆远秋继续质问：“你确定就这些？”“校服里面鼓鼓囊囊的，是不是还藏着东西？！” ,2025-03-10 00:26
西游：开局拜师菩提祖师,阿牛要吃菜, 文王拉车八百步，定周朝八百年江山。姜缘于西周之时，大梦一场，恍若隔世，惊觉花非花，雾非雾，我非我。姜缘四岁之时决心寻道，求个长生，他见双亲俱在，将心暗藏，只道侍奉双亲一世，方寻仙问道。十六之时，双亲逝世，他毅然决然的遣散下人，一把火烧掉故居，周游寻道。十九之时，他寻得道人，苦心拜师，不得入门。二十九时，他成功拜入道人门下。“敢问师父法名？”“菩提！”这竟是西游！我师父竟是菩提祖师！ ,2025-03-09 23:52
鸣龙,关关公子, “事情是这样的，我当初身陷绝境，意外遇见了一条龙，它非说我是习武奇才，要给我指条通仙大道……”“这就是你挖开魔神陵，给妖魔当奴仆的理由？！”“我谢尽欢从不屈居人下，它才是奴仆，准确来说，我是被一条龙服务过……”……已有完本万订《世子很凶》《仙子很凶》《女侠且慢》，感兴趣的朋友可以先看老书~ ,03-10 07:58
重生日常修仙,庭院阳光好, 元婴真君渡劫失败，重回学生时代。2013年，移动互联网刚刚兴起，滚滚时代洪流下，一个修仙者的日常。——————————【日常】【学生】【恋爱】【互联网】【现代版修炼】【赚钱】【智商在线】 ,2025-03-09 23:57
